Date,Content,Video title,Video publish time,Duration,Views
2026-08-26,7zYDaMDK_Fg,How to Create a project in FlashFX | FlashFX tutorial 1,"Mar 19, 2026",21,0
2026-08-27,7zYDaMDK_Fg,How to Create a project in FlashFX | FlashFX tutorial 1,"Mar 19, 2026",21,1
2026-08-28,7zYDaMDK_Fg,How to Create a project in FlashFX | FlashFX tutorial 1,"Mar 19, 2026",21,0
2026-08-29,7zYDaMDK_Fg,How to Create a project in FlashFX | FlashFX tutorial 1,"Mar 19, 2026",21,0
2026-08-30,7zYDaMDK_Fg,How to Create a project in FlashFX | FlashFX tutorial 1,"Mar 19, 2026",21,0
2026-08-31,7zYDaMDK_Fg,How to Create a project in FlashFX | FlashFX tutorial 1,"Mar 19, 2026",21,0
2026-09-01,7zYDaMDK_Fg,How to Create a project in FlashFX | FlashFX tutorial 1,"Mar 19, 2026",21,0
2026-09-02,7zYDaMDK_Fg,How to Create a project in FlashFX | FlashFX tutorial 1,"Mar 19, 2026",21,0
2026-09-03,7zYDaMDK_Fg,How to Create a project in FlashFX | FlashFX tutorial 1,"Mar 19, 2026",21,0
2026-09-04,7zYDaMDK_Fg,How to Create a project in FlashFX | FlashFX tutorial 1,"Mar 19, 2026",21,0
2026-09-05,7zYDaMDK_Fg,How to Create a project in FlashFX | FlashFX tutorial 1,"Mar 19, 2026",21,0
2026-09-06,7zYDaMDK_Fg,How to Create a project in FlashFX | FlashFX tutorial 1,"Mar 19, 2026",21,0
2026-09-07,7zYDaMDK_Fg,How to Create a project in FlashFX | FlashFX tutorial 1,"Mar 19, 2026",21,0
2026-09-08,7zYDaMDK_Fg,How to Create a project in FlashFX | FlashFX tutorial 1,"Mar 19, 2026",21,0
2026-09-09,7zYDaMDK_Fg,How to Create a project in FlashFX | FlashFX tutorial 1,"Mar 19, 2026",21,0
2026-09-10,7zYDaMDK_Fg,How to Create a project in FlashFX | FlashFX tutorial 1,"Mar 19, 2026",21,0
2026-09-11,7zYDaMDK_Fg,How to Create a project in FlashFX | FlashFX tutorial 1,"Mar 19, 2026",21,0
2026-09-12,7zYDaMDK_Fg,How to Create a project in FlashFX | FlashFX tutorial 1,"Mar 19, 2026",21,0
2026-09-13,7zYDaMDK_Fg,How to Create a project in FlashFX | FlashFX tutorial 1,"Mar 19, 2026",21,0
2026-09-14,7zYDaMDK_Fg,How to Create a project in FlashFX | FlashFX tutorial 1,"Mar 19, 2026",21,0
2026-09-15,7zYDaMDK_Fg,How to Create a project in FlashFX | FlashFX tutorial 1,"Mar 19, 2026",21,0
2026-09-16,7zYDaMDK_Fg,How to Create a project in FlashFX | FlashFX tutorial 1,"Mar 19, 2026",21,0
2026-09-17,7zYDaMDK_Fg,How to Create a project in FlashFX | FlashFX tutorial 1,"Mar 19, 2026",21,0
2026-09-18,7zYDaMDK_Fg,How to Create a project in FlashFX | FlashFX tutorial 1,"Mar 19, 2026",21,0
2026-09-19,7zYDaMDK_Fg,How to Create a project in FlashFX | FlashFX tutorial 1,"Mar 19, 2026",21,0
2026-09-20,7zYDaMDK_Fg,How to Create a project in FlashFX | FlashFX tutorial 1,"Mar 19, 2026",21,0
2026-09-21,7zYDaMDK_Fg,How to Create a project in FlashFX | FlashFX tutorial 1,"Mar 19, 2026",21,0
2026-09-22,7zYDaMDK_Fg,How to Create a project in FlashFX | FlashFX tutorial 1,"Mar 19, 2026",21,0
2026-08-26,H2KzO52VAsc,How to export as an image to flashfx,"Mar 19, 2026",26,0
2026-08-27,H2KzO52VAsc,How to export as an image to flashfx,"Mar 19, 2026",26,0
2026-08-28,H2KzO52VAsc,How to export as an image to flashfx,"Mar 19, 2026",26,0
2026-08-29,H2KzO52VAsc,How to export as an image to flashfx,"Mar 19, 2026",26,0
2026-08-30,H2KzO52VAsc,How to export as an image to flashfx,"Mar 19, 2026",26,0
2026-08-31,H2KzO52VAsc,How to export as an image to flashfx,"Mar 19, 2026",26,0
2026-09-01,H2KzO52VAsc,How to export as an image to flashfx,"Mar 19, 2026",26,0
2026-09-02,H2KzO52VAsc,How to export as an image to flashfx,"Mar 19, 2026",26,0
2026-09-03,H2KzO52VAsc,How to export as an image to flashfx,"Mar 19, 2026",26,0
2026-09-04,H2KzO52VAsc,How to export as an image to flashfx,"Mar 19, 2026",26,0
2026-09-05,H2KzO52VAsc,How to export as an image to flashfx,"Mar 19, 2026",26,0
2026-09-06,H2KzO52VAsc,How to export as an image to flashfx,"Mar 19, 2026",26,0
2026-09-07,H2KzO52VAsc,How to export as an image to flashfx,"Mar 19, 2026",26,0
2026-09-08,H2KzO52VAsc,How to export as an image to flashfx,"Mar 19, 2026",26,0
2026-09-09,H2KzO52VAsc,How to export as an image to flashfx,"Mar 19, 2026",26,0
2026-09-10,H2KzO52VAsc,How to export as an image to flashfx,"Mar 19, 2026",26,0
2026-09-11,H2KzO52VAsc,How to export as an image to flashfx,"Mar 19, 2026",26,0
2026-09-12,H2KzO52VAsc,How to export as an image to flashfx,"Mar 19, 2026",26,0
2026-09-13,H2KzO52VAsc,How to export as an image to flashfx,"Mar 19, 2026",26,0
2026-09-14,H2KzO52VAsc,How to export as an image to flashfx,"Mar 19, 2026",26,0
2026-09-15,H2KzO52VAsc,How to export as an image to flashfx,"Mar 19, 2026",26,0
2026-09-16,H2KzO52VAsc,How to export as an image to flashfx,"Mar 19, 2026",26,0
2026-09-17,H2KzO52VAsc,How to export as an image to flashfx,"Mar 19, 2026",26,0
2026-09-18,H2KzO52VAsc,How to export as an image to flashfx,"Mar 19, 2026",26,0
2026-09-19,H2KzO52VAsc,How to export as an image to flashfx,"Mar 19, 2026",26,0
2026-09-20,H2KzO52VAsc,How to export as an image to flashfx,"Mar 19, 2026",26,0
2026-09-21,H2KzO52VAsc,How to export as an image to flashfx,"Mar 19, 2026",26,0
2026-09-22,H2KzO52VAsc,How to export as an image to flashfx,"Mar 19, 2026",26,1
2026-08-26,Q0ykLG3Z4gM,Can't find FlashFX canvas fix | FlashFX canvas out of view,"Mar 20, 2026",20,0
2026-08-27,Q0ykLG3Z4gM,Can't find FlashFX canvas fix | FlashFX canvas out of view,"Mar 20, 2026",20,1
2026-08-28,Q0ykLG3Z4gM,Can't find FlashFX canvas fix | FlashFX canvas out of view,"Mar 20, 2026",20,0
2026-08-29,Q0ykLG3Z4gM,Can't find FlashFX canvas fix | FlashFX canvas out of view,"Mar 20, 2026",20,0
2026-08-30,Q0ykLG3Z4gM,Can't find FlashFX canvas fix | FlashFX canvas out of view,"Mar 20, 2026",20,0
2026-08-31,Q0ykLG3Z4gM,Can't find FlashFX canvas fix | FlashFX canvas out of view,"Mar 20, 2026",20,0
2026-09-01,Q0ykLG3Z4gM,Can't find FlashFX canvas fix | FlashFX canvas out of view,"Mar 20, 2026",20,0
2026-09-02,Q0ykLG3Z4gM,Can't find FlashFX canvas fix | FlashFX canvas out of view,"Mar 20, 2026",20,0
2026-09-03,Q0ykLG3Z4gM,Can't find FlashFX canvas fix | FlashFX canvas out of view,"Mar 20, 2026",20,0
2026-09-04,Q0ykLG3Z4gM,Can't find FlashFX canvas fix | FlashFX canvas out of view,"Mar 20, 2026",20,0
2026-09-05,Q0ykLG3Z4gM,Can't find FlashFX canvas fix | FlashFX canvas out of view,"Mar 20, 2026",20,0
2026-09-06,Q0ykLG3Z4gM,Can't find FlashFX canvas fix | FlashFX canvas out of view,"Mar 20, 2026",20,0
2026-09-07,Q0ykLG3Z4gM,Can't find FlashFX canvas fix | FlashFX canvas out of view,"Mar 20, 2026",20,0
2026-09-08,Q0ykLG3Z4gM,Can't find FlashFX canvas fix | FlashFX canvas out of view,"Mar 20, 2026",20,0
2026-09-09,Q0ykLG3Z4gM,Can't find FlashFX canvas fix | FlashFX canvas out of view,"Mar 20, 2026",20,0
2026-09-10,Q0ykLG3Z4gM,Can't find FlashFX canvas fix | FlashFX canvas out of view,"Mar 20, 2026",20,0
2026-09-11,Q0ykLG3Z4gM,Can't find FlashFX canvas fix | FlashFX canvas out of view,"Mar 20, 2026",20,0
2026-09-12,Q0ykLG3Z4gM,Can't find FlashFX canvas fix | FlashFX canvas out of view,"Mar 20, 2026",20,0
2026-09-13,Q0ykLG3Z4gM,Can't find FlashFX canvas fix | FlashFX canvas out of view,"Mar 20, 2026",20,0
2026-09-14,Q0ykLG3Z4gM,Can't find FlashFX canvas fix | FlashFX canvas out of view,"Mar 20, 2026",20,0
2026-09-15,Q0ykLG3Z4gM,Can't find FlashFX canvas fix | FlashFX canvas out of view,"Mar 20, 2026",20,0
2026-09-16,Q0ykLG3Z4gM,Can't find FlashFX canvas fix | FlashFX canvas out of view,"Mar 20, 2026",20,0
2026-09-17,Q0ykLG3Z4gM,Can't find FlashFX canvas fix | FlashFX canvas out of view,"Mar 20, 2026",20,0
2026-09-18,Q0ykLG3Z4gM,Can't find FlashFX canvas fix | FlashFX canvas out of view,"Mar 20, 2026",20,0
2026-09-19,Q0ykLG3Z4gM,Can't find FlashFX canvas fix | FlashFX canvas out of view,"Mar 20, 2026",20,0
2026-09-20,Q0ykLG3Z4gM,Can't find FlashFX canvas fix | FlashFX canvas out of view,"Mar 20, 2026",20,0
2026-09-21,Q0ykLG3Z4gM,Can't find FlashFX canvas fix | FlashFX canvas out of view,"Mar 20, 2026",20,0
2026-09-22,Q0ykLG3Z4gM,Can't find FlashFX canvas fix | FlashFX canvas out of view,"Mar 20, 2026",20,0
2026-08-26,t7mySEamkKQ,How to multi select shapes without dragging the canvas | FlashFX tutorial,"Mar 30, 2026",11,0
2026-08-27,t7mySEamkKQ,How to multi select shapes without dragging the canvas | FlashFX tutorial,"Mar 30, 2026",11,0
2026-08-28,t7mySEamkKQ,How to multi select shapes without dragging the canvas | FlashFX tutorial,"Mar 30, 2026",11,0
2026-08-29,t7mySEamkKQ,How to multi select shapes without dragging the canvas | FlashFX tutorial,"Mar 30, 2026",11,0
2026-08-30,t7mySEamkKQ,How to multi select shapes without dragging the canvas | FlashFX tutorial,"Mar 30, 2026",11,0
2026-08-31,t7mySEamkKQ,How to multi select shapes without dragging the canvas | FlashFX tutorial,"Mar 30, 2026",11,0
2026-09-01,t7mySEamkKQ,How to multi select shapes without dragging the canvas | FlashFX tutorial,"Mar 30, 2026",11,0
2026-09-02,t7mySEamkKQ,How to multi select shapes without dragging the canvas | FlashFX tutorial,"Mar 30, 2026",11,0
2026-09-03,t7mySEamkKQ,How to multi select shapes without dragging the canvas | FlashFX tutorial,"Mar 30, 2026",11,0
2026-09-04,t7mySEamkKQ,How to multi select shapes without dragging the canvas | FlashFX tutorial,"Mar 30, 2026",11,0
2026-09-05,t7mySEamkKQ,How to multi select shapes without dragging the canvas | FlashFX tutorial,"Mar 30, 2026",11,0
2026-09-06,t7mySEamkKQ,How to multi select shapes without dragging the canvas | FlashFX tutorial,"Mar 30, 2026",11,0
2026-09-07,t7mySEamkKQ,How to multi select shapes without dragging the canvas | FlashFX tutorial,"Mar 30, 2026",11,0
2026-09-08,t7mySEamkKQ,How to multi select shapes without dragging the canvas | FlashFX tutorial,"Mar 30, 2026",11,0
2026-09-09,t7mySEamkKQ,How to multi select shapes without dragging the canvas | FlashFX tutorial,"Mar 30, 2026",11,0
2026-09-10,t7mySEamkKQ,How to multi select shapes without dragging the canvas | FlashFX tutorial,"Mar 30, 2026",11,0
2026-09-11,t7mySEamkKQ,How to multi select shapes without dragging the canvas | FlashFX tutorial,"Mar 30, 2026",11,0
2026-09-12,t7mySEamkKQ,How to multi select shapes without dragging the canvas | FlashFX tutorial,"Mar 30, 2026",11,0
2026-09-13,t7mySEamkKQ,How to multi select shapes without dragging the canvas | FlashFX tutorial,"Mar 30, 2026",11,0
2026-09-14,t7mySEamkKQ,How to multi select shapes without dragging the canvas | FlashFX tutorial,"Mar 30, 2026",11,0
2026-09-15,t7mySEamkKQ,How to multi select shapes without dragging the canvas | FlashFX tutorial,"Mar 30, 2026",11,0
2026-09-16,t7mySEamkKQ,How to multi select shapes without dragging the canvas | FlashFX tutorial,"Mar 30, 2026",11,0
2026-09-17,t7mySEamkKQ,How to multi select shapes without dragging the canvas | FlashFX tutorial,"Mar 30, 2026",11,0
2026-09-18,t7mySEamkKQ,How to multi select shapes without dragging the canvas | FlashFX tutorial,"Mar 30, 2026",11,0
2026-09-19,t7mySEamkKQ,How to multi select shapes without dragging the canvas | FlashFX tutorial,"Mar 30, 2026",11,0
2026-09-20,t7mySEamkKQ,How to multi select shapes without dragging the canvas | FlashFX tutorial,"Mar 30, 2026",11,2
2026-09-21,t7mySEamkKQ,How to multi select shapes without dragging the canvas | FlashFX tutorial,"Mar 30, 2026",11,0
2026-09-22,t7mySEamkKQ,How to multi select shapes without dragging the canvas | FlashFX tutorial,"Mar 30, 2026",11,1
2026-08-26,vaFUhAt6U5Q,Are You Still Creating Patterns the Hard Way? FlashFX pattern tutorial,"Sep 20, 2026",84,0
2026-08-27,vaFUhAt6U5Q,Are You Still Creating Patterns the Hard Way? FlashFX pattern tutorial,"Sep 20, 2026",84,0
2026-08-28,vaFUhAt6U5Q,Are You Still Creating Patterns the Hard Way? FlashFX pattern tutorial,"Sep 20, 2026",84,0
2026-08-29,vaFUhAt6U5Q,Are You Still Creating Patterns the Hard Way? FlashFX pattern tutorial,"Sep 20, 2026",84,0
2026-08-30,vaFUhAt6U5Q,Are You Still Creating Patterns the Hard Way? FlashFX pattern tutorial,"Sep 20, 2026",84,0
2026-08-31,vaFUhAt6U5Q,Are You Still Creating Patterns the Hard Way? FlashFX pattern tutorial,"Sep 20, 2026",84,0
2026-09-01,vaFUhAt6U5Q,Are You Still Creating Patterns the Hard Way? FlashFX pattern tutorial,"Sep 20, 2026",84,0
2026-09-02,vaFUhAt6U5Q,Are You Still Creating Patterns the Hard Way? FlashFX pattern tutorial,"Sep 20, 2026",84,0
2026-09-03,vaFUhAt6U5Q,Are You Still Creating Patterns the Hard Way? FlashFX pattern tutorial,"Sep 20, 2026",84,0
2026-09-04,vaFUhAt6U5Q,Are You Still Creating Patterns the Hard Way? FlashFX pattern tutorial,"Sep 20, 2026",84,0
2026-09-05,vaFUhAt6U5Q,Are You Still Creating Patterns the Hard Way? FlashFX pattern tutorial,"Sep 20, 2026",84,0
2026-09-06,vaFUhAt6U5Q,Are You Still Creating Patterns the Hard Way? FlashFX pattern tutorial,"Sep 20, 2026",84,0
2026-09-07,vaFUhAt6U5Q,Are You Still Creating Patterns the Hard Way? FlashFX pattern tutorial,"Sep 20, 2026",84,0
2026-09-08,vaFUhAt6U5Q,Are You Still Creating Patterns the Hard Way? FlashFX pattern tutorial,"Sep 20, 2026",84,0
2026-09-09,vaFUhAt6U5Q,Are You Still Creating Patterns the Hard Way? FlashFX pattern tutorial,"Sep 20, 2026",84,0
2026-09-10,vaFUhAt6U5Q,Are You Still Creating Patterns the Hard Way? FlashFX pattern tutorial,"Sep 20, 2026",84,0
2026-09-11,vaFUhAt6U5Q,Are You Still Creating Patterns the Hard Way? FlashFX pattern tutorial,"Sep 20, 2026",84,0
2026-09-12,vaFUhAt6U5Q,Are You Still Creating Patterns the Hard Way? FlashFX pattern tutorial,"Sep 20, 2026",84,0
2026-09-13,vaFUhAt6U5Q,Are You Still Creating Patterns the Hard Way? FlashFX pattern tutorial,"Sep 20, 2026",84,0
2026-09-14,vaFUhAt6U5Q,Are You Still Creating Patterns the Hard Way? FlashFX pattern tutorial,"Sep 20, 2026",84,0
2026-09-15,vaFUhAt6U5Q,Are You Still Creating Patterns the Hard Way? FlashFX pattern tutorial,"Sep 20, 2026",84,0
2026-09-16,vaFUhAt6U5Q,Are You Still Creating Patterns the Hard Way? FlashFX pattern tutorial,"Sep 20, 2026",84,0
2026-09-17,vaFUhAt6U5Q,Are You Still Creating Patterns the Hard Way? FlashFX pattern tutorial,"Sep 20, 2026",84,0
2026-09-18,vaFUhAt6U5Q,Are You Still Creating Patterns the Hard Way? FlashFX pattern tutorial,"Sep 20, 2026",84,0
2026-09-19,vaFUhAt6U5Q,Are You Still Creating Patterns the Hard Way? FlashFX pattern tutorial,"Sep 20, 2026",84,0
2026-09-20,vaFUhAt6U5Q,Are You Still Creating Patterns the Hard Way? FlashFX pattern tutorial,"Sep 20, 2026",84,2
2026-09-21,vaFUhAt6U5Q,Are You Still Creating Patterns the Hard Way? FlashFX pattern tutorial,"Sep 20, 2026",84,0
2026-09-22,vaFUhAt6U5Q,Are You Still Creating Patterns the Hard Way? FlashFX pattern tutorial,"Sep 20, 2026",84,0
